mGorGor1	GorGor	Gorilla_gorilla	GCA_029281585.2	GCF_029281585.2	gorGor	20231122	GGO
mPanPan1	PanPan	Pan_paniscus	GCA_029289425.2	GCF_029289425.2	panPan	20231122	PPA
mPanTro3	PanTro	Pan_troglodytes	GCA_028858775.2	GCF_028858775.2	panTro	20231122	PTR
mPonAbe1	PonAbe	Pongo_abelii	GCA_028885655.2	GCF_028885655.2	ponAbe	20231205	PAB
mPonPyg2	PonPyg	Pongo_pygmaeus	GCA_028885625.2	GCF_028885625.2	ponPyg	20231122	PPY
mSymSyn1	SymSyn	Symphalangus_syndactylus	GCA_028878055.2	GCF_028878055.2	symSyn	20240514	SSY
